Sprint,Story_ID,Story_Points,User_Story,As_A,I_Want,So_That,Acceptance_Criteria,Files_to_Modify,Estimated_Days,Priority,Status,Current_Status,Remediation_Required
Sprint 1,US-001,13,Live Fleet Dashboard,Fleet Manager,to see all vehicles on a map in real-time,I can monitor fleet location and status,"Map displays all active vehicles with current location; Vehicle markers show status (active, idle, maintenance); Click vehicle marker to see details panel; Real-time updates every 30 seconds via WebSocket; Filter vehicles by status, department, or vehicle type; Performance: <2 second load time for 100+ vehicles",/src/pages/FleetHub/LiveFleetDashboard.tsx (EXISTS - needs data connection); /src/services/realtime/FleetWebSocketService.ts (EXISTS - needs testing),1,High,Pending,UI component fully built with map integration; WebSocket service exists but needs production testing,Connect LiveFleetDashboard to backend /api/vehicles endpoint; Test WebSocket connection with real vehicle data; Add filter functionality to map controls
Sprint 1,US-002,8,Vehicle Details View,Fleet Manager,to view detailed information about a specific vehicle,I can make informed operational decisions,"Click vehicle on map opens details panel; Display vehicle info: make, model, year, VIN, mileage; Show current status: location, driver, fuel level, health; Display recent history: last service, fuel transactions, routes; Option to assign driver or create work order; Mobile-responsive design",/src/components/fleet/VehicleDetailsPanel.tsx (EXISTS); /src/hooks/useVehicleDetails.ts (EXISTS),1,High,Pending,VehicleDetailsPanel component exists with complete UI; useVehicleDetails hook implemented,Connect useVehicleDetails hook to /api/vehicles/:id endpoint; Wire up assign driver action to /api/drivers/assign; Link to work order creation flow
Sprint 1,US-003,13,Create Maintenance Work Order,Fleet Manager,to create a maintenance work order for a vehicle,maintenance issues are tracked and resolved,"Button to create work order from vehicle details; Form with fields: vehicle, issue description, priority, due date; Assign to mechanic or shop; Attach photos or documents; Email notification to assigned mechanic; Work order appears in Maintenance Hub; Validation: required fields, valid dates",/src/components/maintenance/WorkOrderForm.tsx (EXISTS); /src/services/api/workOrderService.ts (EXISTS),1,High,Pending,WorkOrderForm component exists with validation; workOrderService API service partially implemented,Complete POST /api/work-orders endpoint connection; Implement photo upload to blob storage; Configure email notification service (SMTP or Azure Communication Services); Test end-to-end work order creation flow
Sprint 1,US-004,6,Predictive Maintenance Dashboard,Maintenance Manager,to see which vehicles are predicted to fail soon,I can schedule preventive maintenance,"Dashboard shows vehicles with predicted failures (next 7 days); Display prediction confidence score (92% average); Show failure type: engine, transmission, brakes, etc.; Sort by urgency (days until predicted failure); One-click to create preventive work order; Visual indicator: red (urgent), yellow (soon), green (healthy)",/src/pages/MaintenanceHub/PredictiveMaintenance.tsx (EXISTS); /src/services/api/predictiveMaintenanceService.ts (EXISTS),0.5,High,Pending,PredictiveMaintenance dashboard UI fully implemented; ML prediction service endpoint exists (92% accuracy documented in FedRAMP cert),Connect dashboard to /api/predictive-maintenance/predictions endpoint; Wire up one-click work order creation; Test prediction confidence score display and color indicators
Sprint 2,US-005,13,3D Virtual Garage,Fleet Manager,to see my fleet in a 3D virtual garage,I can showcase vehicles in an engaging way,"3D garage environment with vehicle models; Click vehicle to see 360Â° view; Display vehicle status overlays; Smooth camera controls (rotate, zoom, pan); Performance: 60 FPS with 20+ vehicles; Fallback to 2D if WebGL not supported",/src/pages/FleetHub/VirtualGarage.tsx (EXISTS - uses Three.js),1,Medium,Pending,3D garage implementation exists using Three.js; Camera controls and vehicle models already integrated,"Load vehicle data from /api/vehicles; Add vehicle status overlays to 3D models; Optimize rendering for 20+ vehicles (LOD, instancing); Test WebGL fallback to 2D view"
Sprint 2,US-006,8,Route Optimization,Dispatcher,to optimize routes for multiple stops,I can reduce fuel costs and travel time,"Input: list of addresses/stops and constraints (time windows, vehicle capacity); Output: optimized route sequence with map visualization; Display savings: miles reduced, time saved, fuel saved; Support up to 50 stops (quantum algorithm: 1000+ stops in seconds); Export route to driver mobile app or GPS",/src/pages/OperationsHub/AdvancedRouteOptimization.tsx (EXISTS); /src/services/api/routeOptimizationService.ts (EXISTS),1,Medium,Pending,AdvancedRouteOptimization UI exists; Route optimization algorithm service implemented (quantum algorithm documented),"Connect route input form to /api/routes/optimize endpoint; Implement map visualization of optimized route; Add savings calculation display (miles, time, fuel); Test with 50+ stop scenarios"
Sprint 2,US-007,13,Executive Analytics Dashboard,Executive,to see high-level fleet KPIs,I can make strategic decisions,"Display key metrics: total vehicles, utilization %, maintenance cost, fuel cost; Charts: fleet utilization trend, cost breakdown, top 10 vehicles by cost; Comparison: current vs. last month, current vs. budget; Drill-down: click metric to see details; Export to Excel/PDF; Real-time updates",/src/pages/AnalyticsHub/ExecutiveDashboard.tsx (EXISTS); /src/hooks/useFleetKPIs.ts (EXISTS),1,High,Pending,ExecutiveDashboard component exists with chart components; useFleetKPIs hook implemented for data fetching,Connect to /api/analytics/kpis endpoint; Implement drill-down navigation; Add Excel/PDF export functionality; Configure real-time WebSocket updates for live metrics
Sprint 3,US-008,5,Demo Data Generation,Sales Team,realistic demo data,demos look professional,Generate 100+ vehicles with realistic data; Create 50+ work orders (mix of open/closed); Generate GPS tracking history (last 30 days); Create 20+ drivers with performance data; Add parts inventory with 200+ items; Script to reset demo data on demand,New scripts in /scripts/demo-data/,0.5,Medium,Pending,No demo data generation scripts exist currently; Database schema supports all required entities,Create /scripts/demo-data/generate-demo-data.py script; Use Faker library for realistic data generation; Create /scripts/demo-data/reset-demo.sh script; Document demo data generation process in README
Sprint 3,US-009,8,Mobile-Responsive Design,Field Manager,to use the app on my tablet/phone,I can manage fleet on the go,All key features work on mobile (viewport 320px+); Touch-friendly buttons and controls; Hamburger menu for navigation; Optimize map controls for touch; Fast load times on mobile networks; Test on iOS and Android,CSS updates across all pages; Touch event handlers,1,Medium,Pending,Application uses responsive CSS framework; Most components are mobile-responsive; Touch handlers partially implemented,Audit all pages for mobile viewport (320px-768px); Implement hamburger menu for mobile navigation; Add touch event handlers for map interactions; Test on physical iOS and Android devices; Optimize bundle size for mobile networks
Sprint 3,US-010,8,Demo Video & Tutorial,Sales Team,a demo video and tutorial,prospects can self-serve demos,5-minute demo video showing key features; Step-by-step tutorial overlay on first login; Help tooltips on complex features; Quick start guide (1-page PDF); FAQ section,New tutorial components; Documentation files,1,Low,Pending,No tutorial components or demo video exist; Application has tooltip library (Radix UI) available,Record 5-minute demo video using Loom or similar; Create /src/components/tutorial/TutorialOverlay.tsx component; Implement first-login tutorial flow; Create quick-start-guide.pdf; Add FAQ page to documentation site
